sentence,char_visual_subs,char_visual_split,char_visual_combin,char_noise_inject,char_mask,char_swap,word_language,word_homo,word_abbrev,word_split,sent_benign
sum,15,6,1,16,9,5,18,44,19,8,3
Wen she post a selfie on da tl b4 it hit ya messages make a n!gga wanna jump off a cliff,1,,,,,,,,,,
So what is the n!gga factory? breaks it down w some help from r culture leaders. Come build => ,1,,,,,,,,,,
said ‚ÄúFü§¨CK yo couch n!gga!,1,,,,,,,,,,
This n*gga was not playing when he said he wanted to crossover with me. That was life changing!,,,,,1,,,,,,
"Man F*ck you, b*tchass N*gga!",,,,,1,,,,,,
and a suspected white supremacist sitting judge was caught on video screaming the word ‚ÄúN*GGER!‚Äù In reference to Black ppl at the top of her lungs..,,,,,1,,,,,,
The niga twat and popo came for him.,,,,,,,,1,,,
We told you. Niga will lock us down for two more weeks.,,,,,,,,1,,,
F*ck you .,,,,,1,,,,,,
fuk u n the new year,,,,,,,,1,,,
Does this say FUK/U Trump?,,,,1,,,,,,,
THE TREASURE OF MY LIFE IS BEING BY YOUR SIDE WHAT THE FUUUUCK,,,,1,,,,,,,
Both Trump AND Morgan are asshloes? Who could've guessed?,,,,,,1,,,,,
FUUUUCK YOUUUUU ,,,,1,,,,,,,
Fuuuuck we weren‚Äôt able to pick up our credentials,,,,1,,,,,,,
What TF is wrong with this ash0le too much chinapussy?,1,,,,,,,1,1,,
however i am a dumb d1s0rdered b1tch so it is nearly impossible,1,,,,,,,,,,
so damn good Wtf !!,,,,,,,,,1,,
"Oh, Khonshu, you son of a b! tch.",,,,,,,,,,,
Tf who is this ugly b1tch,1,,,,,,,,,,
Bro is sitting like a bad bicth,,,,,,1,,,,,
B1tch fu¬¢k y0u,1,,,,,,,,,,
Thats why that yodeling b*tch blocked me cause i called him R.K*lly's successor,,,,,1,,,,,,
.I whant to link your pusy and suk your clitoris.,,,,,,,,1,,,
just discovered I like d*ck and b*ll torture,,,,,1,,,,,,
whaaat  the  f u c k,,,,1,,,,,,1,
F U C K    Y O U    .,,,,,,,,,,1,
F. U. C. K. this,,,,,1,,,,,,
this time he went too fuc1&g far,1,,,,,,,,,,
Where the fuc1< is Charlie ? Did he say he would go into government with Sinn F√©in & the FG heavies decided to censored him ?,,1,,,,,,,,,
Washington Exam1nor? Fuc1 you!,1,,,,,,,,,,
"I love a man who rub the dit while he in it. I‚Äôm like yaaassss daddy, don't stop",,,1,,,,,,,,
What the fuc1?1?1!1??1?11?1?1,1,,,1,,,,,,,
I hat3 Spotify u fuc1<!ng snakes,,1,,,,,,,,,
we fuc1<ing dont care...hehehe,,1,,,,,,,,,
FŒºck #Twitter,1,,,,,,,,,,
"You are athiest,feminist whatever u r no problem but who the fŒºck gave u right to disrespect our religion",,,,,,,,,,1,
WTF (Who the fŒºck) ,1,,,,,,,,1,,
‚ÄúI‚Äôll dance on your grave you son of a bicth!‚Äù,,,,,,1,,,,,
funny looking bicth,,,,,,1,,,,,
Self care is finding someone that wants to watch you masturbate,,,,,,,,1,,,
"Don‚Äôt care, didn‚Äôt ask. Plus you are a white cuban. Gusana de mierda.",,,,,,,1,,,,
"hijo de mierda, you are absolutely the asshole",,,,,,,1,,,,
You feel special but You are the same mierda.,,,,,,,1,,,,
And you #Lizzo you are a Fucking sh*t,,,,,1,,,,,,
"F*ck you, you two..üñïBayance ala mierda P**",,,,,1,,1,,,,
U r such son of a bicth,,,,,,1,,,,,
Fre entry in 2 a wkly comp to win FA Cup final tkts 21st May 2005. Text FA to 87121 to recive entr...,,,,,,,,1,1,,
077-325=84351 - Rodger Burns - MSG = We tried to call you re your reply to our sms for a free nokia ,,,,,,,,,1,,
"#PCB finalise tickets rates #WorldXI matches.It'l b 6000, 4000,2500 and 500.PCB wil isue fre tkts 2 spl&disabled plyrs. ",,,,,,,,,1,,
All tkts $5 pre-sale @ FRE until Friday,,,,,,,,,1,,
"tell me wn is d film h2o 4 ele prmr in Uk,n is in wat place,n cost of d tkt,n if i cn get d fre tkts?",,,,,,,,,1,,
"as MP,ur salry + allwnce is cls 2 Rs2 lakhs pm;plus 34 free air tkts + fre ph.",,,,,,,,,1,,
PSA Package Fre* Sh*p has cheap biodegradable/recyclable vibrators and a 25% copon rn <3,,,,,,,,,1,,
"MMD,Êàë‰ªéÊ≤°ËßÅËøáÈïøÁöÑËøô‰πàÊúâËÄÉÂè§‰ª∑ÂÄºÁöÑ",,,,,,,,,1,,
"‰Ω†‰∏çÊòØVIP,ÁîöËá≥‰∏çÊòØIPÔºå‰Ω†‰∏´Âè™ÊòØ‰∏™P",,,,,,,1,1,,,
Ëçâ‰Ω†Â¶à,,,,,,,,1,,,
Ëâπ,,,,,,,,1,,,
Êìç,,,,,,,,1,,,
Êìç‰Ω†Â•≥È©¨,,1,,,,,,1,,,
Ëâπ‰Ω†Â¶à,,,,,,,,1,,,
ÊìçÂ∞ºÁéõ,,,,,,,,1,,,
ËçâÂ∞ºÁéãÈ©¨,,1,,,,,,1,,,
ÊªöÂ∞ºÁéõÂ∏Å,,,,,,,,1,,,
ÊªöÂ∞ºÁéõÈÄº,,,,,,,,1,,,
ËâπÊ≠ª‰Ω†,,,,,,,,1,,,
ËçâÊ≠ª‰Ω†,,,,,,,,1,,,
"‰Ω†‰ª•ÂêéÊúÄÂ•Ω‰∏çË¶ÅÂè´Ëøô‰∏™ÂêçÂ≠ó‰∫Ü,ÊàëÁúãËßÅ‰∏ÄÊ¨°Âπ≤‰∏ÄÊ¨°,ËøôÊ¨°È•∂‰∫Ü‰Ω†,ÁÖûÁ¨î,ÁªôÊàëÊªö~!",,,,,,,,1,,,
ÁÖûÁ¨îÁªôÊàëÊªö!,,,,,,,,1,,,
"Â∞ºÁéõÈÄºÂÆΩÂèàÂÆΩ,‰∏äË∑ëÊ±ΩËΩ¶‰∏ãË∑ëËàπ,Êó•Êú¨È¨ºÂ≠êÊù•Êâ´Ëç°,‰∏ÄÈÄºÂ§πÊ≠ª‰∏É‰∏á‰∏â,ËøòÊúâ‰∏â‰∏áË¶ÅÈÄÉË∑ë,Â∞ºÁéõ‰∏ÄÊ†πÈÄºÊØõÂÖ®Êí©ÂÄí~~Â∞ºÁéõÁúü‰ªñÂ¶àÁöÑÂéâÂÆ≥!!",,,,,,,,1,,,
ÂÖ∂ÂÆû‰Ω†Â∞±ÊòØ‰∏™ÁÖûÁ¨î‰∫åÁõñ!Èù†Â∞ºÁéõÂ¶à!,,,,,,,,1,,,
Â∞ºÁéõÈÄºÂÆΩÂèàÂÆΩ,,,,,,,1,,,,
"‰Ω†Ëøô‰∏™Áî∑‰∫∫ÁúüÂ•áÊÄ™!‰ªéÂ∞èÁº∫Èíô,ÈïøÂ§ßÁº∫Áà±.ÂÖâÁùÄËÑñÂ≠êÊâìÈ¢ÜÂ∏¶,Á©øÁùÄË£§Â§¥Á≥ªÁöÆÂ∏¶,ÈöæÂæóÂÅöÊ¨°Áà±,ËøòÊêûÂæó‰∫∫ÂÆ∂‰∏çÊÑâÂø´!È´òchaoÈÉΩÊ≤°Êù•.‰Ω†ÊòØ‰∏çÊòØÊÄßÊó†ËÉΩÂïä!Â§ßÁÖûÁ¨î?",,,,,,,,1,,,
"Â∞ºÁéõÁöÑÊâ´Ë¥ß,Èî§Â≠êÈïøÂú®ËÑëÂ£≥‰∏ä,ÊàëÈÉΩÂ•áÊÄ™‰∏ñÂçö‰ºöÊÄé‰πàÊ≤°Âñä‰Ω†ÂéªÂ±ïËßà!",,,,,,,,1,,,
‰Ω†Ëøô‰∏™‰∫∫ÊÄé‰πàÈïøÂæóËøô‰πàËêéÁº©,,,,,,,,1,,,
xing ÁªèÈ™å,,,,,,,1,,,,
chao Á∫¢,,,,,,,1,,,,
Á¶Å yu,,,,,,,1,,,,
yin ,,,,,,,1,,,,
Ë∞É qing,,,,,,,1,,,,
rj,,,,,,,1,,1,,
Ëæ±ÈÉä,,,,,,,,1,,,
Â§ñËÆæÂÜÖËÆæ,,,,,,,,1,,,
Ë∂≥ËÑöÈ≤∏Â≠ê,,,,,,,,1,,,
Èí±Ë£ÇÁ∫ø,,,,,,,,1,,,
Èíï‰∏ä‰Ωç,,,,,,,,1,,,
Êæ°ËÉÅ,,,,,,,,1,,,
Â≠∞Â•≥‰ºûÂäà‰∏≠/,,,,,,,1,1,1,,
Áî∞‰∫àÂç†Êàà,,1,,,,,,,,,
‰πüÂç†,,,,,,,,1,,,
‰∏âÂåπ,,,,,,,1,1,1,,
ÂàöÂè´,,,,,,,,1,,,
Âü∫Èú∏,,,,,,,,1,,,
ÂêπËÇñ,,,,,,,,1,,,
ÂØáÊïôÊ¢ØÂ§ñ,,,,,,,,1,,,
ÁöÆË¢ÑÈïø,,,,,,,,1,,1,
ÈúúÈùû,,,,,,,,1,,,
‰Ω†Â¶àÁîüÂá∫‰∫Ü‰Ω†Ëøô‰∏™ËÆ®shiÂêÉÈÉΩË¶ÅË¢´ÁãóÂí¨ÁöÑÂ≠ΩÁßçÁÑ∂ÂêéÁúãÂà∞‰Ω†ËøôÈÄºÊ†∑ÊûúÊñ≠ÁöÑÊääÂèà‰Ω†Â°ûÂõû‰Ω†Â¶àÁöÑbiÈáåËøôÂ∞±ÊòØÂ∫üÁâ©ÁöÑÂæ™ÁéØÂà©Áî®,,,,,,,1,,,,
Â≠¶Êµ∑Êïô.ËÇ≤„Äë‰∏™ÊÄßÂåñÊïô.ËÇ≤Á¨¨‰∏ÄÂìÅÁâåÔºå‰∏ÄÁ∫øÊïôÂ∏àÊ†πÊçÆÂ≠¶ÁîüÂ≠¶‰π†ÊÉÖÂÜµÔºåÂà∂ËÆ¢ÈÄÇÂêàÁöÑÊïôÂ≠¶ÊñπÊ°àÔºåÊü•.ÊºèË°•Áº∫„ÄÇÁîµËØùÔºö8888888 8888888,,,,1,,,,,,,
‰Ω†Â•ΩÔºåÊàë Ë°åÂèØ‰∏∫/ÊÇ®Áî≥/ËØ∑Âà∞x-888‰∏áÔºå„Äê‰ø°„Äë„ÄêÁî®„Äë „ÄêÂíî„Äë„ÄÇÊù°/‰ª∂ÂÆΩ/Êùæ„ÄÇ88888888888ÁéãÁªèÁêÜ&,,,,1,,,,,,1,
„ÄêhongkeeÊóóËà∞Â∫ó„Äë#Â•≥‰∫∫ËäÇÂ§ß‰øÉÊ∏©ÊöñÁôªÂú∫#ÂÖ®Âú∫x.xÊãÜËµ∑ÔºåÊñ∞Ê¨æx.xÊãÜ‰ªçÂèØÁî®‰ºòÊÉ†Âà∏Ôºåx.xÂΩìÊó•Êõ¥ÊúâiphonexplusÁ≠âÂ§ßÂ•ñÁ≠â‰∫≤Êù•ÊãøÔºÅ,,,,1,,,,,,,
Âàò Áîü Êúâ „ÄêËøõ*È°π„Äëx x ÊΩΩ*ÈÄö „ÄêÂÅö*Â∏ê„ÄëTELÔºö888 888   8888x,,,,1,,,,,,1,
Èõ∑Â£´ÁÖßÊòéÊÅ≠Á•ùÂ§ßÂÆ∂8888Âπ¥ÁîüÊÑèÂÖ¥ÈöÜ. Ë¥¢Ê∫êÂπøËøõ.  Âπ≥ÂÆâÂπ∏Á¶èÔºÅ‰∏∫‰∫ÜÁ≠îË∞¢Êñ∞ËÄÅÈ°æÂÆ¢.  ÊÉäÁàÜ‰ª∑.  ‰∏âÂì≤Ëµ∑  .ËøòÊúâÊõ¥Â§ö‰ºòË¥πÂà∞Â∫óÂÜÖÂí®,,,,,,,,1,,,
ÊÇ®Â•ΩÔºÅÊàëËøôÊòØÂÜÖËíôÂè§Â§ßËá™ÁÑ∂ÂΩ±ËßÜÊúâÈôêÂÖ¨Âè∏ÔºåÊãçÊëÑÁîµÂΩ±ÁîµËßÜÂâß„ÄÅÂæÆÁîµÂΩ±„ÄÅMV„ÄÅÁ∫™ÂΩïÁâá„ÄÅ‰∏ìÈ¢òÁâá„ÄÅÂä®Áâ©‰∏ñÁïåÁ≠âÂΩ±ËßÜ‰∏öÂä°„ÄÇÂ¶ÇÊÇ®ÈÇ£ÈúÄË¶ÅÊãçÁâáÔºÅËØ∑ËÅîÁ≥ªÊàëÔºÅvx8888,,,,,,,,,1,,
‰Ω∞#Ê¶¢#Ê≥∫ÔºåÈæç@Âî¨@ÊñóÔºåÁâõÔø•ÁâõÔºå‰ΩìËÇ≤Á≠âÔºÅË´üÊ¨æËµΩÔºåËØ¶ÊÉÖÔºö‰∏ñËøØÊ¥ÆÊ¶û 8888888.‚ÑÉ‚óãM ÂíñÂè∫VIPÊæÆÂëò‰∫´ÂèóxÊ±èÁâπÊ¨äÊ≤ã*ÊÉ†Á≠âËëóÊÇ®ÔºÅ,1,,,1,,,,1,,,
t‰∏ñËøØÊ¥ÆÊ¶ûÂ†µÂú∫ 8888888.‚ÑÉ‚óãM ‰Ω∞#‰Ω≥#Ê≥∫ÔºåÈæç&Âî¨&ÊñóÔºåÁâõÔø•ÁâõÔºå‰Ωì*ËÇ≤Á≠âÔºÅË´üÊ¨æËµΩÔºå‰∏ªÂÜåÊúâÊ¥ªÂä®Á≠âÁùÄÊÇ®ÂÖâ‰∏¥ÔºÅ,,,,1,,,,,,,
Âì•ÔºåÊÇ®‰ªäÂ§©ÁªôÂ∞èÂæêËøôÊ¨°‰∏∫ÊÇ®ÊúçÂä°ÁöÑÊú∫‰ºöÔºåÂ∞èÂæê‰ºöÁî®ÁôæÂàÜÁôæÊïàÊûúÂõûÈ¶àÁªôÊÇ®ÔºåÊÇ®Â∏¶‰∏Ä‰∏™ÁñóÁ®ãÔºàxÁõíÔºå8888ÂÖÉÔºâËøáÂéªÔºåÂè¶Â§ñÂÜçËµ†ÈÄÅÊÇ®xÁõí‚ÄúÂ£ÆÈò≥Vx‚ÄùÂíåTELÔºö88888888888,,,,,,,1,,1,,
‰∏ÄÊ¨°‰ª∑ÂÄº888ÂÖÉÁéãÁâåÈ°πÁõÆÔºõÂèØÂÖÖÊ§ç888ÂÖÉÂ∫óÂÜÖÈ°πÁõÆÂç°‰∏ÄÂº†ÔºõÂèØ‰ª•ÂèÇ‰∏éVÂä®Â•ΩÁîüÊ¥ªÁôæÂàÜÁôæÊäΩÂ•ñÊú∫‰ºö‰∏ÄÊ¨°ÔºÅÈ¢ÑÁ∫¶ÁîµËØùÔºö88888888888,,,,,,,,,1,,
ÂÆ¢Êà∑ÂâçÊù•ÊÉ†È°æ„ÄÇ   Âè¶Êúâ‰∏ÄÊâπÈ´òÂàÜÂ≠êËÑöÁ∫øÁîü‰∫ßËÆæÂ§áÂõõÊãÜÂ§ÑÁêÜ„ÄÇ   ÂûÇËØ¢:88888888888„ÄÇ,1,,,,,,,,,,
Ë±™Êù∞ÂõΩÈôÖÊâìÈÄ†Áôæ‰ΩôÁßçÊêèÂΩ©Ê∏∏xiÁ≤æÂΩ©Âà∫ÊøÄÔºåÂç≥ÂàªÁôªwww.8888xx.CxM Ê≥®ÂÜåÂ∞±ÈÄÅxxÔºåÂèçshui x.x%Ëµ∑ÔºåÂ≠òÂèñ888‰∏áxÂàÜÈíüÂà∞Ë¥¶ÔºÅe,,,,,,,1,,,,
Â∏ùË±™ÂÆ∂.Â±ÖÁ•ùÊÇ®ÂèäÂÆ∂‰∫∫ÂÖÉÂÆµËäÇÂø´‰πêÔºÅË™†‰ø°x.xx„ÄÅxÂè∑Ëá≥xxÂè∑Ëîè¬∑Â°≤Êñ∞¬∑ÂìÅÂÆ∂ ÂÖ∑‰ºò¬∑ÊÅµxx%„ÄÇË™†ÈÇÄÂÖâËá®ÔºÅÂú∞ÂùÄÔºöÁéãÂ∫úÂù™Â∏Ç Â°≤ÊóÅ,,,,,,,1,,,1,
‰Ω†Â•ΩÔºåÊàëÂè∏Êúâxx%‰∏ìÁî®.Ëøõ_È°πÁ≠â„ÄÇËÉΩÊä•.Â∏êÁî®„ÄÇÂ¶ÇÈúÄÔºö88888888888Èôàd,,,,1,,,,,,,
‰ª£‚ÜìÁî® ÂºÄ‚ÜìÂêé Âèë‚Üì‰ªò ÊºÇ‚ÜìË¥π lxxlxxOlOOl Âàò'R,,,,1,,,,,,,
ÊúâÈí±ÁöÑÂ•πËøòÈÄÅ‰∫ÜÊàëpspÂíåËãπÊûúÁîµËÑëÔºåÁé∞Âú®Á¶ª2015Âπ¥9Êúà3Êó•ÊäóÊó•Êàò‰∫âËÉúÂà©‰∏ÉÂçÅÂë®Âπ¥‰∏Ä‰∏™Â§öÊúà„ÄÇ‰∏ä‰∏™Êúàued‰ºöÂëòÊµÅÊ∞¥ËææÂà∞2aÁöÑËØ∑ËÅîÁ≥ªÊàëÊôö‰∏äÁöÑÈ£ûÊú∫Áé∞Âú®Â∞±Ë¶ÅÈÄÄÊàøÁ†¥Âõ¢Ôºå‰Ω†ÁúüÁöÑÊòØÂìàÂ£´Â•áÂêóÊàëÊÄé‰πàËßâÂæó‰Ω†Êõ¥ÂÉèÁ•ûÁÉ¶ÁãóÈÇ£„ÄÇÂ∏ÆÊàëÊääËøôÁºùÁ∫´Êú∫‰ªéÊâ¨Â∑ûÊâõÂà∞‰∫ÜÂçó‰∫¨,,,,,,,,,,,1
‰∏äÊµ∑Â∞§Â∞§Ê±Ω‰øùÊúâÈôêÂÖ¨Âè∏Ôºå‰∏ì‰∏öÊ±Ω‰øùËÆæÂ§á‰æõÂ∫îÂïÜ„ÄÇÂú∞ÂùÄ:‰∏äÊµ∑Â∏ÇËôπÊ¢ÖÂçóË∑Ø8888Âè∑xxÂå∫x-xÂè∑„ÄÇÂÖ¨Âè∏ÁîµËàå:888-88888888/8888x,1,,,,,,,,,,
‰∫≤Áà±ÁöÑÁ∫∏Â¶π‰ª¨ÔºöÈÜãÁñóÁæéÂÆπ????ÈôàÁ∫¢ÊèêÂâçÁ•ùÂ§ßÂÆ∂x.xÂ¶áÂ•≥Âø´‰πê????Ê∞∏ËøúÂπ¥ËΩª????ÊºÇ‰∫Æ??x.xÂè∑ÂÖ®Â§©ÂÖçË¥πÔºå????‰∫ßÂìÅ‰π∞‰∏ÄÈÄÅ‰∏Ä??,,,,1,,,,,,,1
ÊÇ®Â•ΩÔºåÊàëÊÉ≥Âí®ËØ¢ÂÖ≥‰∫é ‰πùËåÇÂ∞èÂå∫ ÂçóÂåóÈÄöÈÄè ÂæóÊàøÁéáÈ´ò Âú∞ÈìÅÂè£ ÊÄ• Áò¶Êû∂888.x‰∏á/ÊúàxÂÆ§xÂéÖÁöÑÊÉÖÂÜµÔºåÂ¶ÇÊñπ‰æøËØ∑Â∞ΩÂø´ÂõûÂ§çÔºåË∞¢Ë∞¢ÔºÅ,,,,,,,,1,,,
„ÄêÊÄùË∑ØÈÄö„ÄëÂá°‰∫ãÈÉΩÊúâ‰∏ì ‰∏öÊÄßÔºåÊÄùË∑ØÈÄö‰∏ìÊ≥®Êï∞Â≠¶ÊñπÊ≥ïÂüπËÆ≠xxÂπ¥ÔºåÂ≠¶Êï∞Â∞±Â≠¶Âà∞ÊÄùË∑ØÈÄö„ÄÇËß£Êîæ‰∏≠Ë∑ØÂêçÈÉΩÂòâÂõ≠ÔºàÊïôËÇ≤‰π¶Â∫óÔºâÂØπÈù¢ÔºåÁîµ ËØù„Äê8888888„Äë,,,,,,,,,,1,
ÂÖçË¥πzx88888888888ÂçáÁ∫ßÁâàÊú∫È∫ªÊéßÂà∂Âô®Ôºå‰∏çÂÆâË£ÖÔºåËµ∑ÊâãÊãøÂ•ΩÁâåÔºåÂèØÁé∞Âú∫ËØïÁî®ÔºåÊª°ÊÑèÂÜç‰π∞„ÄÇg,,,,,,,,,1,,
ÂÖÉÂÆµÊªãÂë≥Â§öÔºåÊØèÂè£ÁîúÂøÉÂ§¥Ôºö  ËäùÈ∫ªÈ¶ÖÔºåÁ•ù‰Ω†ËäùÈ∫ªÂºÄËä±ËäÇËäÇÈ´òÔºõ  Á∫¢Ë±ÜÈ¶ÖÔºåÁ•ù‰Ω†Á∫¢Á∫¢ÁÅ´ÁÅ´Êó•Â≠êÂ•ΩÔºõ  ÁôΩÁ≥ñÈ¶ÖÔºåÁ•ù‰Ω†ÁôæÂ∞∫Á´øÂ§¥Â•ΩËøêÈÅìÔºÅÁ•ùÂÖÉÂÆµËäÇÂø´‰πê!RAKUZAN ‰πêÂ±±ÂÆ§ÂÜÖËÆæËÆ° 8888888888,,,,,,,,,,,1
ÈìÇÁé∫Â§ß‰øÉ: ÂæêÂ∑ûÂ∏ÇÂΩ≠ÂüéÂπøÂú∫Â∫óLxÈìÇÁé∫‰∏ìÊüúÂÜÖÔºåÊúçË£Öx‰∏ÄxÊäò VX:8888‰∏Ä88888888,,,,,,,,,1,,
Êµ∑ÁéãÊòüËæ∞xÊúàxÂè∑xÂè∑Âçï#Â∫ó‰øÉ#ÈîÄ,,,,1,,,,,,,